Address,Identifier,PID,URL1,URL2
 16149 Wisconsin, 16149-wisconsin, 9417976,buildingdetroit.org/properties/ 16149-wisconsin- 9417976,buildingdetroit.org/properties/ 16149-wisconsin-
 16149 Wisconsin, 16149-wisconsin, 9417976,buildingdetroit.org/properties/ 16149-wisconsin- 9417976,buildingdetroit.org/properties/ 16149-wisconsin-
 16149 Wisconsin, 16149-wisconsin, 9417976,buildingdetroit.org/properties/ 16149-wisconsin- 9417976,buildingdetroit.org/properties/ 16149-wisconsin-
 16149 Wisconsin, 16149-wisconsin, 9417976,buildingdetroit.org/properties/ 16149-wisconsin- 9417976,buildingdetroit.org/properties/ 16149-wisconsin-
 16149 Wisconsin, 16149-wisconsin, 9417976,buildingdetroit.org/properties/ 16149-wisconsin- 9417976,buildingdetroit.org/properties/ 16149-wisconsin-
 16149 Wisconsin, 16149-wisconsin, 9417976,buildingdetroit.org/properties/ 16149-wisconsin- 9417976,buildingdetroit.org/properties/ 16149-wisconsin-
 16149 Wisconsin, 16149-wisconsin, 9417976,buildingdetroit.org/properties/ 16149-wisconsin- 9417976,buildingdetroit.org/properties/ 16149-wisconsin-
 16149 Wisconsin, 16149-wisconsin, 9417976,buildingdetroit.org/properties/ 16149-wisconsin- 9417976,buildingdetroit.org/properties/ 16149-wisconsin-
 16149 Wisconsin, 16149-wisconsin, 9417976,buildingdetroit.org/properties/ 16149-wisconsin- 9417976,buildingdetroit.org/properties/ 16149-wisconsin-
 16149 Wisconsin, 16149-wisconsin, 9417976,buildingdetroit.org/properties/ 16149-wisconsin- 9417976,buildingdetroit.org/properties/ 16149-wisconsin-
 16149 Wisconsin, 16149-wisconsin, 9417976,buildingdetroit.org/properties/ 16149-wisconsin- 9417976,buildingdetroit.org/properties/ 16149-wisconsin-
 16149 Wisconsin, 16149-wisconsin, 9417976,buildingdetroit.org/properties/ 16149-wisconsin- 9417976,buildingdetroit.org/properties/ 16149-wisconsin-
 16149 Wisconsin, 16149-wisconsin, 9417976,buildingdetroit.org/properties/ 16149-wisconsin- 9417976,buildingdetroit.org/properties/ 16149-wisconsin-
 16149 Wisconsin, 16149-wisconsin, 9417976,buildingdetroit.org/properties/ 16149-wisconsin- 9417976,buildingdetroit.org/properties/ 16149-wisconsin-
 16149 Wisconsin, 16149-wisconsin, 9417976,buildingdetroit.org/properties/ 16149-wisconsin- 9417976,buildingdetroit.org/properties/ 16149-wisconsin-
 16149 Wisconsin, 16149-wisconsin, 9417976,buildingdetroit.org/properties/ 16149-wisconsin- 9417976,buildingdetroit.org/properties/ 16149-wisconsin-
 16149 Wisconsin, 16149-wisconsin, 9417976,buildingdetroit.org/properties/ 16149-wisconsin- 9417976,buildingdetroit.org/properties/ 16149-wisconsin-
 16149 Wisconsin, 16149-wisconsin, 9417976,buildingdetroit.org/properties/ 16149-wisconsin- 9417976,buildingdetroit.org/properties/ 16149-wisconsin-
 16149 Wisconsin, 16149-wisconsin, 9417976,buildingdetroit.org/properties/ 16149-wisconsin- 9417976,buildingdetroit.org/properties/ 16149-wisconsin-
 16149 Wisconsin, 16149-wisconsin, 9417976,buildingdetroit.org/properties/ 16149-wisconsin- 9417976,buildingdetroit.org/properties/ 16149-wisconsin-
 16149 Wisconsin, 16149-wisconsin, 9417976,buildingdetroit.org/properties/ 16149-wisconsin- 9417976,buildingdetroit.org/properties/ 16149-wisconsin-
 16149 Wisconsin, 16149-wisconsin, 9417976,buildingdetroit.org/properties/ 16149-wisconsin- 9417976,buildingdetroit.org/properties/ 16149-wisconsin-
 16149 Wisconsin, 16149-wisconsin, 9417976,buildingdetroit.org/properties/ 16149-wisconsin- 9417976,buildingdetroit.org/properties/ 16149-wisconsin-
 16149 Wisconsin, 16149-wisconsin, 9417976,buildingdetroit.org/properties/ 16149-wisconsin- 9417976,buildingdetroit.org/properties/ 16149-wisconsin-
 16149 Wisconsin, 16149-wisconsin, 9417976,buildingdetroit.org/properties/ 16149-wisconsin- 9417976,buildingdetroit.org/properties/ 16149-wisconsin-
 16149 Wisconsin, 16149-wisconsin, 9417976,buildingdetroit.org/properties/ 16149-wisconsin- 9417976,buildingdetroit.org/properties/ 16149-wisconsin-
 16149 Wisconsin, 16149-wisconsin, 9417976,buildingdetroit.org/properties/ 16149-wisconsin- 9417976,buildingdetroit.org/properties/ 16149-wisconsin-
 16149 Wisconsin, 16149-wisconsin, 9417976,buildingdetroit.org/properties/ 16149-wisconsin- 9417976,buildingdetroit.org/properties/ 16149-wisconsin-
 16149 Wisconsin, 16149-wisconsin, 9417976,buildingdetroit.org/properties/ 16149-wisconsin- 9417976,buildingdetroit.org/properties/ 16149-wisconsin-
 16149 Wisconsin, 16149-wisconsin, 9417976,buildingdetroit.org/properties/ 16149-wisconsin- 9417976,buildingdetroit.org/properties/ 16149-wisconsin-
 16149 Wisconsin, 16149-wisconsin, 9417976,buildingdetroit.org/properties/ 16149-wisconsin- 9417976,buildingdetroit.org/properties/ 16149-wisconsin-
 16149 Wisconsin, 16149-wisconsin, 9417976,buildingdetroit.org/properties/ 16149-wisconsin- 9417976,buildingdetroit.org/properties/ 16149-wisconsin-
 16149 Wisconsin, 16149-wisconsin, 9417976,buildingdetroit.org/properties/ 16149-wisconsin- 9417976,buildingdetroit.org/properties/ 16149-wisconsin-
 16149 Wisconsin, 16149-wisconsin, 9417976,buildingdetroit.org/properties/ 16149-wisconsin- 9417976,buildingdetroit.org/properties/ 16149-wisconsin-
 16149 Wisconsin, 16149-wisconsin, 9417976,buildingdetroit.org/properties/ 16149-wisconsin- 9417976,buildingdetroit.org/properties/ 16149-wisconsin-
 16149 Wisconsin, 16149-wisconsin, 9417976,buildingdetroit.org/properties/ 16149-wisconsin- 9417976,buildingdetroit.org/properties/ 16149-wisconsin-
 16149 Wisconsin, 16149-wisconsin, 9417976,buildingdetroit.org/properties/ 16149-wisconsin- 9417976,buildingdetroit.org/properties/ 16149-wisconsin-
 16149 Wisconsin, 16149-wisconsin, 9417976,buildingdetroit.org/properties/ 16149-wisconsin- 9417976,buildingdetroit.org/properties/ 16149-wisconsin-
 16149 Wisconsin, 16149-wisconsin, 9417976,buildingdetroit.org/properties/ 16149-wisconsin- 9417976,buildingdetroit.org/properties/ 16149-wisconsin-
 16149 Wisconsin, 16149-wisconsin, 9417976,buildingdetroit.org/properties/ 16149-wisconsin- 9417976,buildingdetroit.org/properties/ 16149-wisconsin-
 16149 Wisconsin, 16149-wisconsin, 9417976,buildingdetroit.org/properties/ 16149-wisconsin- 9417976,buildingdetroit.org/properties/ 16149-wisconsin-
 16149 Wisconsin, 16149-wisconsin, 9417976,buildingdetroit.org/properties/ 16149-wisconsin- 9417976,buildingdetroit.org/properties/ 16149-wisconsin-
 16149 Wisconsin, 16149-wisconsin, 9417976,buildingdetroit.org/properties/ 16149-wisconsin- 9417976,buildingdetroit.org/properties/ 16149-wisconsin-
 16149 Wisconsin, 16149-wisconsin, 9417976,buildingdetroit.org/properties/ 16149-wisconsin- 9417976,buildingdetroit.org/properties/ 16149-wisconsin-
 16149 Wisconsin, 16149-wisconsin, 9417976,buildingdetroit.org/properties/ 16149-wisconsin- 9417976,buildingdetroit.org/properties/ 16149-wisconsin-
 12929 Rosemont, 12929-rosemont, 9418127,buildingdetroit.org/properties/ 12929-rosemont- 9418127,buildingdetroit.org/properties/ 12929-rosemont-
 12929 Rosemont, 12929-rosemont, 9418127,buildingdetroit.org/properties/ 12929-rosemont- 9418127,buildingdetroit.org/properties/ 12929-rosemont-
 12929 Rosemont, 12929-rosemont, 9418127,buildingdetroit.org/properties/ 12929-rosemont- 9418127,buildingdetroit.org/properties/ 12929-rosemont-
 12929 Rosemont, 12929-rosemont, 9418127,buildingdetroit.org/properties/ 12929-rosemont- 9418127,buildingdetroit.org/properties/ 12929-rosemont-
 12929 Rosemont, 12929-rosemont, 9418127,buildingdetroit.org/properties/ 12929-rosemont- 9418127,buildingdetroit.org/properties/ 12929-rosemont-
 12929 Rosemont, 12929-rosemont, 9418127,buildingdetroit.org/properties/ 12929-rosemont- 9418127,buildingdetroit.org/properties/ 12929-rosemont-
 12929 Rosemont, 12929-rosemont, 9418127,buildingdetroit.org/properties/ 12929-rosemont- 9418127,buildingdetroit.org/properties/ 12929-rosemont-
 12929 Rosemont, 12929-rosemont, 9418127,buildingdetroit.org/properties/ 12929-rosemont- 9418127,buildingdetroit.org/properties/ 12929-rosemont-
 12929 Rosemont, 12929-rosemont, 9418127,buildingdetroit.org/properties/ 12929-rosemont- 9418127,buildingdetroit.org/properties/ 12929-rosemont-
 12929 Rosemont, 12929-rosemont, 9418127,buildingdetroit.org/properties/ 12929-rosemont- 9418127,buildingdetroit.org/properties/ 12929-rosemont-
 12929 Rosemont, 12929-rosemont, 9418127,buildingdetroit.org/properties/ 12929-rosemont- 9418127,buildingdetroit.org/properties/ 12929-rosemont-
 12929 Rosemont, 12929-rosemont, 9418127,buildingdetroit.org/properties/ 12929-rosemont- 9418127,buildingdetroit.org/properties/ 12929-rosemont-
 12929 Rosemont, 12929-rosemont, 9418127,buildingdetroit.org/properties/ 12929-rosemont- 9418127,buildingdetroit.org/properties/ 12929-rosemont-
 12929 Rosemont, 12929-rosemont, 9418127,buildingdetroit.org/properties/ 12929-rosemont- 9418127,buildingdetroit.org/properties/ 12929-rosemont-
 12929 Rosemont, 12929-rosemont, 9418127,buildingdetroit.org/properties/ 12929-rosemont- 9418127,buildingdetroit.org/properties/ 12929-rosemont-
 12929 Rosemont, 12929-rosemont, 9418127,buildingdetroit.org/properties/ 12929-rosemont- 9418127,buildingdetroit.org/properties/ 12929-rosemont-
 12929 Rosemont, 12929-rosemont, 9418127,buildingdetroit.org/properties/ 12929-rosemont- 9418127,buildingdetroit.org/properties/ 12929-rosemont-
 12929 Rosemont, 12929-rosemont, 9418127,buildingdetroit.org/properties/ 12929-rosemont- 9418127,buildingdetroit.org/properties/ 12929-rosemont-
 12929 Rosemont, 12929-rosemont, 9418127,buildingdetroit.org/properties/ 12929-rosemont- 9418127,buildingdetroit.org/properties/ 12929-rosemont-
 12929 Rosemont, 12929-rosemont, 9418127,buildingdetroit.org/properties/ 12929-rosemont- 9418127,buildingdetroit.org/properties/ 12929-rosemont-
 12929 Rosemont, 12929-rosemont, 9418127,buildingdetroit.org/properties/ 12929-rosemont- 9418127,buildingdetroit.org/properties/ 12929-rosemont-
 12929 Rosemont, 12929-rosemont, 9418127,buildingdetroit.org/properties/ 12929-rosemont- 9418127,buildingdetroit.org/properties/ 12929-rosemont-
 12929 Rosemont, 12929-rosemont, 9418127,buildingdetroit.org/properties/ 12929-rosemont- 9418127,buildingdetroit.org/properties/ 12929-rosemont-
 12929 Rosemont, 12929-rosemont, 9418127,buildingdetroit.org/properties/ 12929-rosemont- 9418127,buildingdetroit.org/properties/ 12929-rosemont-
 12929 Rosemont, 12929-rosemont, 9418127,buildingdetroit.org/properties/ 12929-rosemont- 9418127,buildingdetroit.org/properties/ 12929-rosemont-
 12929 Rosemont, 12929-rosemont, 9418127,buildingdetroit.org/properties/ 12929-rosemont- 9418127,buildingdetroit.org/properties/ 12929-rosemont-
 12929 Rosemont, 12929-rosemont, 9418127,buildingdetroit.org/properties/ 12929-rosemont- 9418127,buildingdetroit.org/properties/ 12929-rosemont-
 12929 Rosemont, 12929-rosemont, 9418127,buildingdetroit.org/properties/ 12929-rosemont- 9418127,buildingdetroit.org/properties/ 12929-rosemont-
 12929 Rosemont, 12929-rosemont, 9418127,buildingdetroit.org/properties/ 12929-rosemont- 9418127,buildingdetroit.org/properties/ 12929-rosemont-
 12929 Rosemont, 12929-rosemont, 9418127,buildingdetroit.org/properties/ 12929-rosemont- 9418127,buildingdetroit.org/properties/ 12929-rosemont-
 12929 Rosemont, 12929-rosemont, 9418127,buildingdetroit.org/properties/ 12929-rosemont- 9418127,buildingdetroit.org/properties/ 12929-rosemont-
 12929 Rosemont, 12929-rosemont, 9418127,buildingdetroit.org/properties/ 12929-rosemont- 9418127,buildingdetroit.org/properties/ 12929-rosemont-
 12929 Rosemont, 12929-rosemont, 9418127,buildingdetroit.org/properties/ 12929-rosemont- 9418127,buildingdetroit.org/properties/ 12929-rosemont-
 12929 Rosemont, 12929-rosemont, 9418127,buildingdetroit.org/properties/ 12929-rosemont- 9418127,buildingdetroit.org/properties/ 12929-rosemont-
 12929 Rosemont, 12929-rosemont, 9418127,buildingdetroit.org/properties/ 12929-rosemont- 9418127,buildingdetroit.org/properties/ 12929-rosemont-
 12929 Rosemont, 12929-rosemont, 9418127,buildingdetroit.org/properties/ 12929-rosemont- 9418127,buildingdetroit.org/properties/ 12929-rosemont-
 12929 Rosemont, 12929-rosemont, 9418127,buildingdetroit.org/properties/ 12929-rosemont- 9418127,buildingdetroit.org/properties/ 12929-rosemont-
 12929 Rosemont, 12929-rosemont, 9418127,buildingdetroit.org/properties/ 12929-rosemont- 9418127,buildingdetroit.org/properties/ 12929-rosemont-
 12929 Rosemont, 12929-rosemont, 9418127,buildingdetroit.org/properties/ 12929-rosemont- 9418127,buildingdetroit.org/properties/ 12929-rosemont-
 12929 Rosemont, 12929-rosemont, 9418127,buildingdetroit.org/properties/ 12929-rosemont- 9418127,buildingdetroit.org/properties/ 12929-rosemont-
 12929 Rosemont, 12929-rosemont, 9418127,buildingdetroit.org/properties/ 12929-rosemont- 9418127,buildingdetroit.org/properties/ 12929-rosemont-
 12929 Rosemont, 12929-rosemont, 9418127,buildingdetroit.org/properties/ 12929-rosemont- 9418127,buildingdetroit.org/properties/ 12929-rosemont-
 12929 Rosemont, 12929-rosemont, 9418127,buildingdetroit.org/properties/ 12929-rosemont- 9418127,buildingdetroit.org/properties/ 12929-rosemont-
 12929 Rosemont, 12929-rosemont, 9418127,buildingdetroit.org/properties/ 12929-rosemont- 9418127,buildingdetroit.org/properties/ 12929-rosemont-
 12929 Rosemont, 12929-rosemont, 9418127,buildingdetroit.org/properties/ 12929-rosemont- 9418127,buildingdetroit.org/properties/ 12929-rosemont-
